{"cameraMode":{"drawMode":0,"name":"Shaded","section":"Shading Mode"},"sceneLighting":true,"audioPlay":false,"sceneViewState":{"showFog":true,"showMaterialUpdate":false,"showSkybox":true,"showFlares":true,"showImageEffects":true,"showParticleSystems":true},"in2DMode":false,"pivot":{"x":2.311528205871582,"y":-11.655729293823243,"z":7.695610046386719},"rotation":{"x":-0.316334992647171,"y":0.20882992446422578,"z":-0.07160229980945587,"w":-0.9226061105728149},"size":39.4197883605957,"orthographic":false}